id,description,url
25,Framingham Commuter Rail Line - Map and Schedule,https://www.mbta.com/schedules/CR-Worcester/timetable
26,Providence Commuter Rail Line - Map and Schedule,https://www.mbta.com/schedules/CR-Providence/line
27,Lowell Commuter Rail Line - Map and Schedule,https://www.mbta.com/schedules/CR-Lowell/line
28,Haverhill Commuter Rail Line - Map and Schedule,https://www.mbta.com/schedules/CR-Haverhill/line
30,Newburyport Commuter Rail Line - Map and Schedule,https://www.mbta.com/schedules/CR-Newburyport/timetable
31,Newburyport Commuter Rail Line - Map and Schedule,https://www.mbta.com/schedules/CR-Newburyport/timetable
32,Newburyport Commuter Rail Line - Map and Schedule,https://www.mbta.com/schedules/CR-Newburyport/timetable
33,Fitchburg Commuter Rail Line - Map and Schedule,https://www.mbta.com/schedules/CR-Fitchburg/timetable
35,Fitchburg Commuter Rail Line - Map and Schedule,https://www.mbta.com/schedules/CR-Fitchburg/timetable
38,Fitchburg Commuter Rail Line - Map and Schedule,https://www.mbta.com/schedules/CR-Fitchburg/timetable
45,Rockport Commuter Rail Line - Map and Schedule,https://www.mbta.com/schedules/CR-Newburyport/line
58,Needham Commuter Rail Line - Map and Schedule,https://www.mbta.com/schedules/CR-Needham/line
68,Rockport Commuter Rail Line - Map and Schedule,https://www.mbta.com/schedules/CR-Newburyport/line
78,Stoughton Commuter Rail Line - Map and Schedule,https://www.mbta.com/schedules/CR-Providence/line
86,MBTA Orange Line - Map and Schedule,https://www.mbta.com/schedules/Orange/line
88,MBTA Orange Line - Map and Schedule,https://www.mbta.com/schedules/Orange/line
90,MBTA Blue Line - Map and Schedule,https://www.mbta.com/schedules/Blue/line
91,Needham Commuter Rail Line - Map and Schedule,https://www.mbta.com/schedules/CR-Needham/line
92,Needham Commuter Rail Line - Map and Schedule,https://www.mbta.com/schedules/CR-Needham/line
93,MBTA Orange Line - Map and Schedule,https://www.mbta.com/schedules/Orange/line
95,MBTA Red Line - Map and Schedule,https://www.mbta.com/schedules/Red/line
98,MBTA Red Line - Map and Schedule,https://www.mbta.com/schedules/Red/line
99,MBTA Blue Line - Map and Schedule,https://www.mbta.com/schedules/Blue/line
100,MBTA Red Line - Map and Schedule,https://www.mbta.com/schedules/Red/line
101,MBTA Red Line - Map and Schedule,https://www.mbta.com/schedules/Red/line
103,MBTA Orange Line - Map and Schedule,https://www.mbta.com/schedules/Orange/line
105,Logan Airport,http://www.massport.com/logan-airport/
106,MBTA Red Line - Map and Schedule,https://www.mbta.com/schedules/Red/line
107,MBTA Red Line - Map and Schedule,https://www.mbta.com/schedules/Red/line
108,MBTA Red Line - Map and Schedule,https://www.mbta.com/schedules/Red/line
121,MBTA Blue Line - Map and Schedule,https://www.mbta.com/schedules/Blue/line
125,MBTA Blue Line - Map and Schedule,https://www.mbta.com/schedules/Blue/line
143,Massachusetts Bay Transporation Authority,https://www.mbta.com
150,MBTA Red Line - Map and Schedule,https://www.mbta.com/schedules/Red/line
155,MBTA Orange Line - Map and Schedule,https://www.mbta.com/schedules/Orange/line
156,MBTA Orange Line - Map and Schedule,https://www.mbta.com/schedules/Orange/line
157,Fairmont Commuter Rail Line - Map and Schedule,https://www.mbta.com/schedules/CR-Fairmount/line
159,MBTA Red Line - Map and Schedule,https://www.mbta.com/schedules/Red/line
160,MBTA Red Line - Map and Schedule,https://www.mbta.com/schedules/Red/line
161,MBTA Red Line - Map and Schedule,https://www.mbta.com/schedules/Red/line
163,MBTA Orange Line - Map and Schedule,https://www.mbta.com/schedules/Orange/line
164,Minuteman Commuter Bikeway,http://minutemanbikeway.org/
168,Worcester Commuter Rail Line - Map and Schedule,https://www.mbta.com/schedules/CR-Worcester/timetable
172,Old Colony Commuter Rail Line (Kingston/Plymouth) - Map and Schedule,https://www.mbta.com/schedules/CR-Kingston/line
174,Old Colony Commuter Rail Line (Middleborough/Lakeville) - Map and Schedule,https://www.mbta.com/schedules/CR-Middleborough/line
175,Newburyport Commuter Rail Line - Map and Schedule,https://www.mbta.com/schedules/CR-Newburyport/line
178,Silver Line SL4 - Map and Schedule,https://www.mbta.com/schedules/751/line
178,Silver Line SL5 - Map and Schedule,https://www.mbta.com/schedules/749/line
181,Silver Line SL1 - Map and Schedule,https://www.mbta.com/schedules/741/line
181,Silver Line SL2- Map and Schedule,https://www.mbta.com/schedules/742/line
188,Greenbush Commuter Rail Line - Map and Schedule,https://www.mbta.com/schedules/CR-Greenbush/line
191,Bruce Freeman Rail Trail,https://brucefreemanrailtrail.org/
192,Massachusetts Department of Transportation,https://www.mass.gov/orgs/massachusetts-department-of-transportation
193,Sliver Line SL1 - Map and Schedule,https://www.mbta.com/schedules/741/line
193,Sliver Line SL2 - Map and Schedule,https://www.mbta.com/schedules/742/line
206,Bruce Freeman Rail Trail,https://brucefreemanrailtrail.org/
207,Sliver Line SL3 to Chelsea Project,https://www.mbta.com/projects/silver-line-3-chelsea-sl3
207,Silver Line SL3 - Map and Schedule,https://www.mbta.com/schedules/743/line
209,Green Line Extension ,https://www.mbta.com/projects/green-line-extension-glx
